{
	"partitions" : [
		{
			"name" : "Top",
			"pins" : [
				{
					"name" : "GPIO_0_D[5]",
					"strict" : false
				},
				{
					"name" : "GPIO_0_D[7]",
					"strict" : false
				},
				{
					"name" : "GPIO_0_D[9]",
					"strict" : false
				},
				{
					"name" : "GPIO_0_D[11]",
					"strict" : false
				},
				{
					"name" : "GPIO_0_D[13]",
					"strict" : false
				},
				{
					"name" : "GPIO_0_D[21]",
					"strict" : false
				},
				{
					"name" : "GPIO_0_D[23]",
					"strict" : false
				},
				{
					"name" : "KEY[0]",
					"strict" : false
				},
				{
					"name" : "GPIO_1_D[28]",
					"strict" : false
				},
				{
					"name" : "GPIO_1_D[30]",
					"strict" : false
				}
			]
		}
	]
}